modelo,banda,n,salario_promedio,prediccion_promedio,MAE,error_medio,prop_subestimado,salario_limite_superior,error_medio_pct_salario,tendencia
Random Forest,P00-P25,4032,1297.6803075396826,2166.1743328171915,928.3740495287257,-868.4940252775082,0.10863095238095238,2000.0,-66.92665521942891,sobreestima
Random Forest,P25-P50,2715,2738.186740331492,2947.2401842712984,700.8846266560407,-209.05344393980795,0.425414364640884,3200.0,-7.63474020455228,sobreestima
Random Forest,P50-P75,3188,3769.052070263488,3794.602545162489,691.344023876343,-25.550474899003373,0.6047678795483061,4066.0,-0.6779018814992699,sobreestima
Random Forest,P75-P90,2072,4888.552123552124,4337.559737958828,1200.1299208533987,550.9923855932957,0.752895752895753,6000.0,11.271075190928581,subestima
Random Forest,P90-P95,608,7224.8141447368425,5581.0874132644885,2048.317027813739,1643.7267314723524,0.8832236842105263,8000.0,22.751128244174698,subestima
Random Forest,P95-P100,643,12552.706065318818,7211.669982516769,5524.162659563952,5341.036082802049,0.9440124416796267,,42.548881930395105,subestima
Regresión lineal,P00-P25,4032,1297.6803075396826,2126.410557840755,998.3881384754004,-828.7302503010719,0.2123015873015873,2000.0,-63.86243556953488,sobreestima
Regresión lineal,P25-P50,2715,2738.186740331492,2899.2721813426106,851.67594607853,-161.0854410111182,0.4736648250460405,3200.0,-5.882923857545844,sobreestima
Regresión lineal,P50-P75,3188,3769.052070263488,3848.6959165591165,830.8179588351343,-79.64384629562832,0.5498745294855709,4066.0,-2.113100185693655,sobreestima
Regresión lineal,P75-P90,2072,4888.552123552124,4402.37142627711,1177.6461395367712,486.18069727501484,0.6944980694980695,6000.0,9.94529024110611,subestima
Regresión lineal,P90-P95,608,7224.8141447368425,5590.541340534873,2076.1429278047044,1634.27280420197,0.9013157894736842,8000.0,22.620274673674626,subestima
Regresión lineal,P95-P100,643,12552.706065318818,6907.3668649963565,5848.38865399569,5645.33920032246,0.9440124416796267,,44.97308525306474,subestima
