variable,categoria,n,salario_mediano,salario_promedio
nivel_educativo,Doctorado,60,12000.0,14452.266666666666
nivel_educativo,Maestria,771,10000.0,11409.269779507134
nivel_educativo,Superior,6818,5000.0,5965.295247873277
nivel_educativo,Diversificado,16851,3600.0,3796.407987656519
nivel_educativo,Basico,8249,2800.0,2730.200266698994
nivel_educativo,Primaria,15822,2200.0,2307.956389836936
nivel_educativo,Preprimaria,459,2160.0,2241.8976034858388
nivel_educativo,Ninguno,3995,1500.0,1767.0911138923655
categoria_ocupacional,Empleado de gobierno,6575,5000.0,5971.534448669201
categoria_ocupacional,Empleado de empresa privada,28702,3565.0,3875.139641836806
categoria_ocupacional,Jornalero o peon,13842,1800.0,1878.6093772576216
categoria_ocupacional,Servicio domestico,3906,1000.0,1265.7442396313363
